episode_id,patient_id,age,age_group,specialty,admission_date,admit_day_num,admit_day_name,weekend_admit,frailty_score,comorbidity_index,severity_score,diagnostic_complexity,allied_need,destination,destination_complexity,expected_los,diagnostics_delay,weekend_delay,allied_delay,destination_delay,discharge_planning_delay,unexplained_delay,actual_los,avoidable_bed_days,weekend_days_in_stay,discharge_before_noon,discharge_date,dominant_delay,delay_cluster,reconstructed_los,reconstruction_gap,largest_delay_component
E0001,P0001,90,80+,Cardiology,2025-03-13,3,Thu,False,2.4,5.1,5.0,Medium,None,Transfer,Moderate,5.86,0.47,0.0,0.0,0.51,0.27,0.0,7.11,1.12,0,False,2025-03-21,Destination,Low-delay / routine,7.11,0.0,Destination
E0002,P0002,60,45-64,General Medicine,2025-09-28,6,Sun,True,3.1,4.6,4.3,Low,Low,Home,Simple,5.19,0.1,0.22,0.39,0.14,0.09,0.0,6.13,0.9,1,True,2025-10-05,Allied,Low-delay / routine,6.13,0.0,Allied Health
E0003,P0003,52,45-64,Oncology,2025-01-02,3,Thu,False,1.6,0.0,5.0,Medium,None,Home with supports,Moderate,2.41,0.28,0.0,0.01,0.96,0.44,0.0,4.1,1.47,1,False,2025-01-07,Destination,Low-delay / routine,4.1,0.0,Destination
E0004,P0004,94,80+,Surgery,2025-02-22,5,Sat,True,4.6,4.7,2.3,Low,None,Home,Simple,5.0,0.0,0.0,0.03,0.0,0.62,0.71,6.36,0.34,2,False,2025-03-01,Unexplained,Low-delay / routine,6.36,0.0,Unexplained
E0005,P0005,91,80+,Oncology,2025-02-02,6,Sun,True,3.8,3.8,7.3,Medium,High,Home with supports,Moderate,5.34,0.84,0.21,1.65,1.57,0.49,0.8,10.9,4.52,1,False,2025-02-13,Allied,Destination-blocked,10.9,0.0,Allied Health
E0006,P0006,24,18-44,General Medicine,2025-08-29,4,Fri,False,1.9,0.0,4.3,Medium,Moderate,Home,Simple,5.1,0.62,0.21,1.07,0.15,0.12,0.43,7.69,2.1,2,False,2025-09-06,Allied,Allied-health constrained,7.7,-0.01,Allied Health
E0007,P0007,86,80+,Surgery,2025-07-09,2,Wed,False,3.6,3.8,6.5,High,None,Home with supports,Moderate,4.08,0.37,0.0,0.0,0.63,0.3,0.19,5.57,1.15,1,False,2025-07-15,Destination,Low-delay / routine,5.57,0.0,Destination
E0008,P0008,83,80+,Cardiology,2025-09-25,3,Thu,False,4.6,4.5,2.1,Low,Low,Home,Simple,4.99,0.69,0.0,0.16,0.15,0.49,0.0,6.48,1.25,2,True,2025-10-02,Diagnostics,Low-delay / routine,6.48,0.0,Diagnostics
E0009,P0009,90,80+,Neurology,2025-09-12,4,Fri,False,3.8,7.0,5.4,High,High,Home,Simple,7.4,3.05,0.0,1.46,0.0,0.33,0.56,12.79,4.67,1,True,2025-09-25,Diagnostics,Diagnostics-driven,12.8,-0.01,Diagnostics
E0010,P0010,71,65-79,Oncology,2025-12-04,3,Thu,False,3.5,4.1,6.9,Medium,Low,Home with supports,Moderate,4.88,1.0,0.0,0.0,0.86,0.75,0.3,7.79,2.23,0,True,2025-12-12,Diagnostics,Low-delay / routine,7.79,0.0,Diagnostics
E0011,P0011,83,80+,Surgery,2025-06-01,6,Sun,True,5.3,4.1,5.6,Medium,Low,Transfer,Moderate,5.44,0.31,0.07,0.0,0.4,0.5,0.12,6.83,1.03,0,True,2025-06-08,DischargePlanning,Low-delay / routine,6.84,-0.01,Discharge Planning
E0012,P0012,95,80+,Surgery,2025-02-02,6,Sun,True,4.9,10.0,2.6,Medium,High,Home with supports,Moderate,5.34,0.64,0.66,2.31,0.13,0.71,0.39,10.18,4.1,0,False,2025-02-13,Allied,Allied-health constrained,10.18,0.0,Allied Health
E0013,P0013,95,80+,Respiratory,2025-01-17,4,Fri,False,4.0,4.8,6.4,Medium,High,Home,Simple,5.78,1.55,0.0,2.48,0.07,0.38,0.04,10.3,4.29,1,False,2025-01-28,Allied,Diagnostics-driven,10.3,0.0,Allied Health
E0014,P0014,82,80+,Cardiology,2025-12-26,4,Fri,False,2.9,2.4,6.7,Low,Low,Home,Simple,5.26,0.56,0.0,0.1,0.0,0.55,0.06,6.52,0.93,2,True,2026-01-02,Diagnostics,Low-delay / routine,6.53,-0.01,Diagnostics
E0015,P0015,79,65-79,Respiratory,2025-12-08,0,Mon,False,2.5,1.6,4.8,High,High,Aged care,Complex,3.0,1.84,0.0,1.02,2.78,0.49,0.43,9.56,5.88,2,False,2025-12-18,Destination,Destination-blocked,9.56,0.0,Destination
E0016,P0016,87,80+,Cardiology,2025-11-04,1,Tue,False,2.2,0.9,3.3,Low,None,Home with supports,Moderate,5.37,0.13,0.0,0.01,0.74,0.71,0.14,7.09,1.23,0,False,2025-11-12,Destination,Low-delay / routine,7.1,-0.01,Destination
E0017,P0017,79,65-79,Neurology,2025-03-10,0,Mon,False,2.4,0.8,8.3,Medium,Low,Rehab,Complex,6.17,1.45,0.0,0.2,1.07,0.18,0.21,9.27,2.8,1,False,2025-03-20,Diagnostics,Diagnostics-driven,9.28,-0.01,Diagnostics
E0018,P0018,66,65-79,Neurology,2025-06-29,6,Sun,True,4.7,0.6,7.2,High,None,Home,Simple,6.64,1.34,0.42,0.03,0.12,0.03,0.7,9.27,1.92,1,False,2025-07-09,Diagnostics,Diagnostics-driven,9.28,-0.01,Diagnostics
E0019,P0019,82,80+,Respiratory,2025-03-06,3,Thu,False,4.4,3.4,5.2,High,None,Aged care,Complex,5.47,1.79,0.0,0.0,2.9,0.58,0.53,11.27,4.97,0,False,2025-03-18,Destination,Destination-blocked,11.27,0.0,Destination
E0020,P0020,80,80+,Surgery,2025-04-09,2,Wed,False,4.9,1.3,2.8,Medium,Low,Transfer,Moderate,5.57,0.52,0.0,0.12,0.93,0.5,0.58,8.22,1.82,2,True,2025-04-18,Destination,Low-delay / routine,8.22,0.0,Destination
E0021,P0021,76,65-79,Oncology,2025-08-21,3,Thu,False,2.1,5.0,5.7,Medium,Moderate,Home,Simple,6.7,0.78,0.0,0.38,0.0,0.57,0.88,9.31,1.44,2,False,2025-08-31,Unexplained,Low-delay / routine,9.31,0.0,Unexplained
E0022,P0022,85,80+,Surgery,2025-01-07,1,Tue,False,4.6,1.9,4.0,Medium,High,Home,Simple,2.76,0.73,0.0,2.14,0.14,0.42,0.41,6.6,3.22,2,False,2025-01-14,Allied,Allied-health constrained,6.6,0.0,Allied Health
E0023,P0023,82,80+,Cardiology,2025-12-30,1,Tue,False,1.1,7.3,4.1,Medium,None,Home,Simple,4.83,0.83,0.0,0.0,0.18,0.88,0.21,6.93,1.45,0,False,2026-01-06,DischargePlanning,Low-delay / routine,6.93,0.0,Discharge Planning
E0024,P0024,91,80+,General Medicine,2025-06-22,6,Sun,True,4.6,4.6,6.1,High,None,Home with supports,Moderate,5.78,1.9,0.84,0.05,1.88,0.31,0.56,11.3,4.81,0,False,2025-07-04,Diagnostics,Destination-blocked,11.32,-0.02,Diagnostics
E0025,P0025,91,80+,Oncology,2025-06-05,3,Thu,False,4.3,2.7,4.8,Medium,Low,Home,Simple,5.34,0.16,0.0,0.14,0.0,0.93,0.0,6.57,0.77,0,True,2025-06-12,DischargePlanning,Low-delay / routine,6.57,0.0,Discharge Planning
E0026,P0026,82,80+,General Medicine,2025-09-13,5,Sat,True,5.1,4.8,2.8,Medium,Moderate,Home with supports,Moderate,5.92,0.45,0.83,0.8,1.42,0.55,0.08,10.06,3.78,1,False,2025-09-24,Destination,Weekend-affected,10.05,0.01,Destination
E0027,P0027,69,65-79,Oncology,2025-06-14,5,Sat,True,1.8,5.6,4.4,Low,Low,Home,Simple,5.28,0.27,0.55,0.2,0.04,0.82,0.22,7.37,1.46,1,False,2025-06-22,DischargePlanning,Low-delay / routine,7.38,-0.01,Discharge Planning
E0028,P0028,44,18-44,Oncology,2025-11-09,6,Sun,True,1.0,6.6,7.6,Medium,Moderate,Rehab,Moderate,5.57,0.72,0.47,1.03,1.83,0.31,0.09,10.02,4.21,1,False,2025-11-20,Destination,Destination-blocked,10.02,0.0,Destination
E0029,P0029,54,45-64,Oncology,2025-02-20,3,Thu,False,3.2,3.2,7.3,Medium,None,Home,Simple,5.89,0.09,0.0,0.06,0.16,0.0,0.42,6.62,0.31,1,False,2025-02-27,Unexplained,Low-delay / routine,6.62,0.0,Unexplained
E0030,P0030,83,80+,Cardiology,2025-12-26,4,Fri,False,1.1,3.1,7.1,High,Moderate,Transfer,Moderate,5.35,1.08,0.25,0.67,1.64,1.1,0.53,10.61,4.19,0,False,2026-01-06,Destination,Destination-blocked,10.62,-0.01,Destination
E0031,P0031,32,18-44,Cardiology,2025-05-01,3,Thu,False,1.4,2.2,7.6,Low,Low,Home,Simple,4.4,0.21,0.0,0.36,0.11,0.44,0.0,5.52,0.9,1,False,2025-05-07,DischargePlanning,Low-delay / routine,5.52,0.0,Discharge Planning
E0032,P0032,63,45-64,General Medicine,2025-01-07,1,Tue,False,3.0,2.8,4.1,Medium,None,Home with supports,Moderate,6.0,0.8,0.0,0.0,0.02,0.3,0.13,7.25,0.97,1,False,2025-01-15,Diagnostics,Low-delay / routine,7.25,0.0,Diagnostics
E0033,P0033,70,65-79,Respiratory,2025-02-03,0,Mon,False,0.0,7.0,7.6,Medium,Low,Home,Simple,6.14,1.04,0.0,0.2,0.0,0.62,0.18,8.18,1.55,0,True,2025-02-12,Diagnostics,Low-delay / routine,8.18,0.0,Diagnostics
E0034,P0034,78,65-79,Cardiology,2025-11-27,3,Thu,False,2.9,4.8,4.6,Medium,High,Rehab,Complex,5.06,1.2,0.0,1.34,1.09,0.66,0.33,9.67,3.96,1,False,2025-12-07,Allied,Allied-health constrained,9.68,-0.01,Allied Health
E0035,P0035,79,65-79,General Medicine,2025-12-22,0,Mon,False,5.1,4.8,2.1,Medium,Moderate,Home with supports,Moderate,3.76,0.79,0.0,0.47,0.93,0.48,0.0,6.43,2.43,1,False,2025-12-29,Destination,Low-delay / routine,6.43,0.0,Destination
E0036,P0036,91,80+,General Medicine,2025-08-24,6,Sun,True,5.0,4.2,5.6,Medium,None,Rehab,Moderate,5.5,1.01,0.59,0.0,1.03,0.66,0.0,8.79,2.96,2,True,2025-09-02,Destination,Low-delay / routine,8.79,0.0,Destination
E0037,P0037,87,80+,Respiratory,2025-10-22,2,Wed,False,4.8,5.0,6.6,Medium,Moderate,Home,Simple,9.18,0.97,0.0,0.0,0.0,0.86,0.68,11.69,1.4,1,True,2025-11-03,Diagnostics,Low-delay / routine,11.69,0.0,Diagnostics
E0038,P0038,78,65-79,Surgery,2025-08-19,1,Tue,False,1.5,4.7,6.1,Medium,None,Home,Simple,3.91,1.44,0.0,0.0,0.14,0.0,0.49,5.97,1.58,1,False,2025-08-25,Diagnostics,Diagnostics-driven,5.98,-0.01,Diagnostics
E0039,P0039,77,65-79,Respiratory,2025-02-16,6,Sun,True,4.7,2.3,5.5,Medium,Moderate,Home with supports,Moderate,5.67,0.23,0.2,0.03,0.5,0.69,0.32,7.64,1.3,0,True,2025-02-24,DischargePlanning,Low-delay / routine,7.64,0.0,Discharge Planning
E0040,P0040,90,80+,General Medicine,2025-12-22,0,Mon,False,3.2,6.8,3.7,Low,High,Home,Simple,5.07,0.0,0.0,0.89,0.0,0.85,0.0,6.81,1.32,1,False,2025-12-29,Allied,Low-delay / routine,6.81,0.0,Allied Health
E0041,P0041,74,65-79,General Medicine,2025-03-16,6,Sun,True,3.6,3.1,5.8,Medium,High,Home with supports,Moderate,5.88,0.09,0.71,0.91,0.35,0.32,0.28,8.53,2.22,2,False,2025-03-25,Allied,Weekend-affected,8.54,-0.01,Allied Health
E0042,P0042,94,80+,Respiratory,2025-07-08,1,Tue,False,1.9,3.5,4.1,Low,Low,Home with supports,Moderate,5.13,0.43,0.0,0.65,0.51,0.77,0.11,7.6,1.98,1,True,2025-07-16,DischargePlanning,Low-delay / routine,7.6,0.0,Discharge Planning
E0043,P0043,70,65-79,Surgery,2025-04-23,2,Wed,False,4.4,0.0,4.1,High,High,Home,Simple,3.48,2.17,0.0,0.47,0.05,0.48,0.42,7.07,2.93,1,True,2025-05-01,Diagnostics,Diagnostics-driven,7.07,0.0,Diagnostics
E0044,P0044,52,45-64,General Medicine,2025-02-23,6,Sun,True,0.7,3.5,1.8,High,Low,Home with supports,Moderate,6.26,1.84,0.32,0.0,0.5,0.19,0.73,9.82,2.74,2,True,2025-03-05,Diagnostics,Diagnostics-driven,9.84,-0.02,Diagnostics
E0045,P0045,66,65-79,Surgery,2025-01-02,3,Thu,False,3.8,3.6,5.7,Low,High,Home,Simple,5.12,0.07,0.0,2.06,0.05,0.41,0.34,8.05,2.38,1,False,2025-01-11,Allied,Allied-health constrained,8.05,0.0,Allied Health
E0046,P0046,62,45-64,Respiratory,2025-04-25,4,Fri,False,4.2,2.2,4.3,Low,Low,Home,Simple,7.59,0.42,0.0,0.43,0.3,0.28,0.0,9.02,1.29,1,False,2025-05-05,Allied,Low-delay / routine,9.02,0.0,Allied Health
E0047,P0047,39,18-44,Surgery,2025-01-27,0,Mon,False,1.8,4.9,7.0,Medium,None,Rehab,Complex,4.13,0.0,0.0,0.0,2.2,0.0,0.45,6.78,2.2,1,True,2025-02-03,Destination,Destination-blocked,6.78,0.0,Destination
E0048,P0048,86,80+,Cardiology,2025-08-20,2,Wed,False,2.7,9.2,5.3,Medium,Low,Home,Simple,5.32,0.94,0.0,0.0,0.1,0.34,0.0,6.7,1.21,1,True,2025-08-27,Diagnostics,Low-delay / routine,6.7,0.0,Diagnostics
E0049,P0049,88,80+,General Medicine,2025-03-02,6,Sun,True,5.4,3.4,7.3,Low,High,Rehab,Moderate,6.54,0.0,0.18,1.23,0.76,0.66,0.31,9.68,2.5,2,False,2025-03-12,Allied,Allied-health constrained,9.68,0.0,Allied Health
E0050,P0050,70,65-79,Surgery,2025-07-17,3,Thu,False,0.8,5.6,6.1,Low,Moderate,Home,Simple,2.84,0.72,0.0,0.41,0.05,0.3,0.47,4.77,1.32,0,False,2025-07-22,Diagnostics,Low-delay / routine,4.79,-0.02,Diagnostics
E0051,P0051,83,80+,Surgery,2025-04-13,6,Sun,True,4.1,3.7,3.9,Low,Moderate,Home,Simple,3.97,0.15,0.44,0.87,0.0,0.34,0.62,6.38,1.62,1,False,2025-04-20,Allied,Low-delay / routine,6.39,-0.01,Allied Health
E0052,P0052,47,45-64,Neurology,2025-06-19,3,Thu,False,1.2,0.0,9.4,Medium,Low,Home,Simple,5.25,0.81,0.0,0.0,0.0,0.18,0.41,6.65,0.9,1,True,2025-06-26,Diagnostics,Low-delay / routine,6.65,0.0,Diagnostics
E0053,P0053,32,18-44,Oncology,2025-11-01,5,Sat,True,2.8,0.3,5.1,High,Moderate,Home,Simple,6.21,1.54,0.47,1.07,0.09,0.26,0.65,10.29,3.3,0,False,2025-11-12,Diagnostics,Diagnostics-driven,10.29,0.0,Diagnostics
E0054,P0054,42,18-44,General Medicine,2025-08-06,2,Wed,False,1.3,2.8,5.4,Medium,None,Home,Simple,5.6,1.68,0.0,0.01,0.0,0.29,0.25,7.83,1.83,2,False,2025-08-14,Diagnostics,Diagnostics-driven,7.83,0.0,Diagnostics
E0055,P0055,88,80+,Neurology,2025-11-25,1,Tue,False,0.9,2.9,5.2,Low,High,Home,Simple,4.14,0.3,0.0,1.26,0.0,0.74,0.17,6.61,1.93,1,False,2025-12-02,Allied,Allied-health constrained,6.61,0.0,Allied Health
E0056,P0056,92,80+,General Medicine,2025-03-22,5,Sat,True,4.1,6.1,4.7,Medium,Moderate,Home with supports,Moderate,6.22,0.96,0.73,0.73,0.48,0.38,0.09,9.58,3.08,0,False,2025-04-01,Diagnostics,Weekend-affected,9.59,-0.01,Diagnostics
E0057,P0057,91,80+,General Medicine,2025-01-07,1,Tue,False,2.7,6.4,4.5,Low,High,Home,Simple,7.5,0.27,0.0,0.85,0.01,0.44,0.04,9.11,1.35,1,True,2025-01-17,Allied,Low-delay / routine,9.11,0.0,Allied Health
E0058,P0058,30,18-44,Cardiology,2025-06-12,3,Thu,False,1.3,0.8,4.5,High,Low,Home,Simple,3.64,2.12,0.0,0.34,0.18,0.09,0.51,6.88,2.68,1,True,2025-06-19,Diagnostics,Diagnostics-driven,6.88,0.0,Diagnostics
E0059,P0059,93,80+,General Medicine,2025-07-11,4,Fri,False,5.4,3.4,7.5,Medium,Moderate,Home,Simple,7.17,0.52,0.44,0.68,0.29,0.53,0.54,10.17,2.19,1,True,2025-07-22,Allied,Low-delay / routine,10.17,0.0,Allied Health
E0060,P0060,93,80+,General Medicine,2025-08-24,6,Sun,True,3.3,1.2,3.7,Low,Moderate,Rehab,Complex,5.82,0.34,0.05,1.73,0.78,0.54,0.19,9.45,3.17,1,True,2025-09-03,Allied,Allied-health constrained,9.45,0.0,Allied Health
E0061,P0061,47,45-64,Surgery,2025-02-15,5,Sat,True,0.1,4.9,6.9,Low,Low,Home,Simple,4.05,0.0,0.67,0.0,0.14,0.24,0.21,5.31,0.93,1,True,2025-02-21,Weekend,Low-delay / routine,5.31,0.0,Weekend
E0062,P0062,90,80+,Oncology,2025-10-28,1,Tue,False,2.4,5.0,6.2,Medium,None,Home,Simple,6.11,0.72,0.0,0.0,0.09,0.8,0.02,7.73,1.2,2,True,2025-11-05,DischargePlanning,Low-delay / routine,7.74,-0.01,Discharge Planning
E0063,P0063,93,80+,Respiratory,2025-03-18,1,Tue,False,3.7,3.2,5.8,Medium,High,Home,Simple,4.7,1.26,0.0,2.05,0.11,0.34,0.49,8.95,3.59,1,False,2025-03-27,Allied,Diagnostics-driven,8.95,0.0,Allied Health
E0064,P0064,86,80+,Cardiology,2025-03-25,1,Tue,False,4.6,8.4,6.4,Medium,Moderate,Home,Simple,5.06,0.21,0.0,0.96,0.34,0.43,1.01,8.0,1.72,1,True,2025-04-02,Unexplained,Low-delay / routine,8.01,-0.01,Unexplained
E0065,P0065,92,80+,Respiratory,2025-04-29,1,Tue,False,3.2,4.4,3.5,Medium,Moderate,Home,Simple,7.58,0.15,0.0,0.51,0.0,0.41,0.13,8.78,0.87,2,True,2025-05-08,Allied,Low-delay / routine,8.78,0.0,Allied Health
E0066,P0066,76,65-79,Surgery,2025-12-30,1,Tue,False,3.2,3.3,7.0,Medium,Moderate,Home with supports,Moderate,3.97,0.55,0.0,1.3,1.62,0.65,0.65,8.74,3.8,2,False,2026-01-08,Destination,Destination-blocked,8.74,0.0,Destination
E0067,P0067,66,65-79,Cardiology,2025-02-09,6,Sun,True,2.0,4.3,3.9,Medium,Moderate,Home,Simple,5.86,0.0,0.51,0.66,0.0,0.45,0.0,7.48,1.4,1,False,2025-02-17,Allied,Low-delay / routine,7.48,0.0,Allied Health
E0068,P0068,34,18-44,Neurology,2025-12-11,3,Thu,False,0.0,4.1,4.8,High,Low,Home,Simple,6.57,0.0,0.0,0.25,0.06,0.56,0.48,7.92,0.59,1,True,2025-12-19,DischargePlanning,Low-delay / routine,7.92,0.0,Discharge Planning
E0069,P0069,22,18-44,General Medicine,2025-06-24,1,Tue,False,0.0,1.4,7.7,High,Moderate,Home,Simple,4.41,1.8,0.0,0.57,0.02,0.26,0.01,7.07,2.52,2,True,2025-07-02,Diagnostics,Diagnostics-driven,7.07,0.0,Diagnostics
E0070,P0070,69,65-79,General Medicine,2025-02-28,4,Fri,False,2.8,0.0,6.0,Medium,Moderate,Home with supports,Moderate,5.49,0.35,0.38,1.14,0.28,0.65,0.0,8.3,2.48,2,True,2025-03-09,Allied,Allied-health constrained,8.29,0.01,Allied Health
E0071,P0071,69,65-79,Neurology,2025-03-27,3,Thu,False,3.8,1.0,5.4,Low,Low,Aged care,Simple,6.76,0.12,0.0,0.26,0.19,0.54,0.43,8.29,0.84,1,True,2025-04-05,DischargePlanning,Low-delay / routine,8.3,-0.01,Discharge Planning
E0072,P0072,79,65-79,General Medicine,2025-03-14,4,Fri,False,4.1,2.6,4.9,Low,None,Rehab,Moderate,5.14,0.35,0.0,0.0,1.18,0.42,0.58,7.67,1.74,0,False,2025-03-22,Destination,Low-delay / routine,7.67,0.0,Destination
E0073,P0073,74,65-79,Cardiology,2025-07-18,4,Fri,False,0.0,5.1,7.9,Medium,Low,Home,Simple,5.67,0.22,0.0,0.26,0.1,0.91,0.47,7.63,1.04,2,False,2025-07-26,DischargePlanning,Low-delay / routine,7.63,0.0,Discharge Planning
E0074,P0074,22,18-44,Surgery,2025-10-31,4,Fri,False,1.9,3.8,8.3,Medium,Moderate,Home with supports,Moderate,3.57,0.86,0.0,0.4,0.66,0.0,0.22,5.7,1.91,0,True,2025-11-06,Diagnostics,Low-delay / routine,5.71,-0.01,Diagnostics
E0075,P0075,74,65-79,Surgery,2025-06-07,5,Sat,True,1.3,4.9,3.1,Low,Moderate,Home,Simple,3.65,0.57,0.47,0.76,0.0,0.85,0.22,6.52,2.22,1,True,2025-06-14,DischargePlanning,Low-delay / routine,6.52,0.0,Discharge Planning
E0076,P0076,86,80+,Neurology,2025-04-28,0,Mon,False,7.6,5.2,6.4,Low,Low,Aged care,Simple,8.96,0.0,0.0,0.28,0.26,0.27,0.4,10.17,0.67,2,False,2025-05-09,Unexplained,Low-delay / routine,10.17,0.0,Unexplained
E0077,P0077,69,65-79,General Medicine,2025-06-24,1,Tue,False,3.9,4.1,4.1,Medium,Moderate,Home,Simple,4.04,0.4,0.0,0.92,0.0,0.68,0.0,6.05,1.67,0,True,2025-07-01,Allied,Low-delay / routine,6.04,0.01,Allied Health
E0078,P0078,66,65-79,General Medicine,2025-11-19,2,Wed,False,0.1,0.0,6.2,Medium,Low,Aged care,Simple,4.24,1.02,0.0,0.0,0.0,0.9,0.0,6.16,1.47,1,False,2025-11-26,Diagnostics,Low-delay / routine,6.16,0.0,Diagnostics
E0079,P0079,76,65-79,Surgery,2025-01-27,0,Mon,False,1.0,0.8,5.8,Medium,Moderate,Home,Simple,2.45,0.62,0.0,0.64,0.02,0.01,0.03,3.78,1.29,0,True,2025-01-31,Allied,Low-delay / routine,3.77,0.01,Allied Health
E0080,P0080,79,65-79,Oncology,2025-11-07,4,Fri,False,1.4,3.3,7.9,Low,Moderate,Rehab,Moderate,5.8,0.09,0.02,1.19,0.87,1.08,0.39,9.44,2.71,0,False,2025-11-17,Allied,Allied-health constrained,9.44,0.0,Allied Health
E0081,P0081,85,80+,General Medicine,2025-08-14,3,Thu,False,3.0,2.4,2.3,Low,Moderate,Aged care,Complex,3.96,0.29,0.0,0.49,3.69,0.97,0.26,9.66,4.95,1,False,2025-08-24,Destination,Destination-blocked,9.66,0.0,Destination
E0082,P0082,74,65-79,Neurology,2025-06-07,5,Sat,True,0.0,1.9,6.2,Medium,High,Home,Simple,7.27,0.75,0.18,3.24,0.24,0.1,0.07,11.85,4.46,2,False,2025-06-19,Allied,Allied-health constrained,11.85,0.0,Allied Health
E0083,P0083,38,18-44,Neurology,2025-01-25,5,Sat,True,3.1,1.8,5.4,High,None,Home,Simple,7.24,1.13,0.0,0.06,0.27,0.0,0.05,8.76,1.47,1,False,2025-02-03,Diagnostics,Low-delay / routine,8.75,0.01,Diagnostics
E0084,P0084,63,45-64,Neurology,2025-04-09,2,Wed,False,1.0,0.6,4.7,High,Low,Home,Simple,4.92,0.91,0.0,0.08,0.02,0.49,0.4,6.82,1.25,1,False,2025-04-16,Diagnostics,Low-delay / routine,6.82,0.0,Diagnostics
E0085,P0085,67,65-79,Cardiology,2025-01-07,1,Tue,False,0.0,8.1,4.0,High,Low,Home,Simple,3.37,2.6,0.0,0.12,0.36,0.7,0.41,7.56,3.43,1,False,2025-01-15,Diagnostics,Diagnostics-driven,7.56,0.0,Diagnostics
E0086,P0086,49,45-64,Neurology,2025-06-22,6,Sun,True,0.1,1.8,4.8,Medium,Low,Home,Simple,5.0,0.52,0.62,0.0,0.17,0.55,0.14,7.0,1.58,2,True,2025-06-29,Weekend,Low-delay / routine,7.0,0.0,Weekend
E0087,P0087,73,65-79,General Medicine,2025-05-09,4,Fri,False,4.1,3.8,4.3,Low,Moderate,Aged care,Complex,4.19,0.0,0.28,1.09,1.97,0.56,0.53,8.62,3.62,2,True,2025-05-18,Destination,Destination-blocked,8.62,0.0,Destination
E0088,P0088,72,65-79,General Medicine,2025-11-10,0,Mon,False,4.4,3.6,4.6,High,High,Rehab,Complex,6.84,0.0,0.0,0.84,1.86,0.74,0.26,10.54,3.07,1,True,2025-11-21,Destination,Destination-blocked,10.54,0.0,Destination
E0089,P0089,67,65-79,Oncology,2025-02-18,1,Tue,False,1.5,1.6,6.9,Low,None,Home with supports,Moderate,6.03,0.19,0.0,0.0,0.82,0.71,0.0,7.75,1.37,0,True,2025-02-26,Destination,Low-delay / routine,7.75,0.0,Destination
E0090,P0090,25,18-44,Respiratory,2025-11-11,1,Tue,False,2.3,0.0,7.0,Low,None,Rehab,Moderate,4.92,0.2,0.0,0.04,0.62,0.33,0.0,6.1,1.02,1,True,2025-11-18,Destination,Low-delay / routine,6.11,-0.01,Destination
E0091,P0091,93,80+,Oncology,2025-05-15,3,Thu,False,5.6,3.1,5.9,Medium,None,Rehab,Complex,4.15,0.69,0.0,0.03,1.58,0.26,0.77,7.48,2.43,1,False,2025-05-23,Destination,Destination-blocked,7.48,0.0,Destination
E0092,P0092,51,45-64,General Medicine,2025-04-18,4,Fri,False,1.1,4.3,5.6,Low,Low,Home,Simple,5.92,0.01,0.0,0.16,0.0,0.1,0.46,6.65,0.23,1,False,2025-04-25,Unexplained,Low-delay / routine,6.65,0.0,Unexplained
E0093,P0093,53,45-64,Neurology,2025-04-22,1,Tue,False,2.2,4.6,3.3,Low,Low,Home with supports,Moderate,4.7,0.55,0.0,0.12,0.91,0.48,0.0,6.76,1.82,1,True,2025-04-29,Destination,Low-delay / routine,6.76,0.0,Destination
E0094,P0094,57,45-64,Neurology,2025-01-20,0,Mon,False,0.0,3.8,5.1,Medium,Moderate,Home,Simple,7.11,0.3,0.0,0.69,0.0,0.65,0.8,9.55,1.32,0,True,2025-01-30,Unexplained,Low-delay / routine,9.55,0.0,Unexplained
E0095,P0095,57,45-64,Neurology,2025-03-17,0,Mon,False,2.8,3.7,5.6,Medium,None,Home,Simple,8.4,0.36,0.0,0.0,0.17,0.0,0.32,9.25,0.53,1,False,2025-03-27,Diagnostics,Low-delay / routine,9.25,0.0,Diagnostics
E0096,P0096,23,18-44,Surgery,2025-02-16,6,Sun,True,2.6,1.3,6.2,Medium,Low,Home,Simple,2.33,0.23,0.24,0.35,0.0,0.29,0.61,4.06,0.97,2,True,2025-02-21,Unexplained,Low-delay / routine,4.05,0.01,Unexplained
E0097,P0097,69,65-79,Surgery,2025-12-22,0,Mon,False,2.4,3.2,7.3,Medium,Moderate,Rehab,Complex,3.1,0.82,0.0,1.01,3.23,0.47,0.18,8.81,5.29,0,False,2025-12-31,Destination,Destination-blocked,8.81,0.0,Destination
E0098,P0098,60,45-64,Oncology,2025-07-01,1,Tue,False,3.4,1.6,4.4,High,None,Home,Simple,5.16,0.0,0.0,0.04,0.26,0.07,0.2,5.73,0.33,1,False,2025-07-07,Destination,Low-delay / routine,5.73,0.0,Destination
E0099,P0099,84,80+,General Medicine,2025-06-03,1,Tue,False,3.7,1.7,3.8,Medium,High,Home,Simple,4.06,0.93,0.0,0.47,0.46,0.52,0.37,6.81,2.12,1,True,2025-06-10,Diagnostics,Low-delay / routine,6.81,0.0,Diagnostics
E0100,P0100,54,45-64,General Medicine,2025-11-23,6,Sun,True,2.5,5.4,6.1,Medium,Low,Home,Simple,2.39,0.92,0.27,0.0,0.07,0.0,0.48,4.12,1.26,0,False,2025-11-28,Diagnostics,Low-delay / routine,4.13,-0.01,Diagnostics
E0101,P0101,91,80+,Respiratory,2025-12-10,2,Wed,False,3.6,4.9,5.6,Medium,Moderate,Home,Simple,6.13,0.75,0.0,1.13,0.22,0.7,0.0,8.93,2.45,0,False,2025-12-19,Allied,Allied-health constrained,8.93,0.0,Allied Health
E0102,P0102,80,80+,Respiratory,2025-03-07,4,Fri,False,4.6,4.4,4.4,High,Moderate,Home with supports,Moderate,6.54,0.9,0.0,1.22,0.52,0.04,0.32,9.54,2.66,1,False,2025-03-17,Allied,Allied-health constrained,9.54,0.0,Allied Health
E0103,P0103,94,80+,Neurology,2025-08-26,1,Tue,False,2.3,4.7,7.0,Medium,High,Aged care,Complex,7.83,0.48,0.0,1.04,2.3,0.69,0.18,12.52,4.16,1,True,2025-09-08,Destination,Destination-blocked,12.52,0.0,Destination
E0104,P0104,93,80+,Oncology,2025-01-16,3,Thu,False,2.4,4.5,6.0,Low,Moderate,Home,Simple,5.26,0.27,0.0,0.46,0.14,0.37,0.0,6.5,1.06,2,True,2025-01-23,Allied,Low-delay / routine,6.5,0.0,Allied Health
E0105,P0105,85,80+,Cardiology,2025-07-30,2,Wed,False,4.4,5.8,2.9,High,High,Home with supports,Moderate,4.16,1.13,0.0,1.19,0.92,0.39,0.55,8.34,3.44,1,True,2025-08-08,Allied,Allied-health constrained,8.34,0.0,Allied Health
E0106,P0106,70,65-79,Neurology,2025-09-30,1,Tue,False,2.5,3.0,7.3,High,Moderate,Home,Simple,4.94,2.45,0.0,0.51,0.13,0.57,0.16,8.76,3.38,0,False,2025-10-09,Diagnostics,Diagnostics-driven,8.76,0.0,Diagnostics
E0107,P0107,68,65-79,General Medicine,2025-10-30,3,Thu,False,1.3,2.0,5.4,High,Moderate,Rehab,Moderate,5.26,1.83,0.0,0.6,1.14,0.97,0.2,10.01,4.06,1,False,2025-11-10,Diagnostics,Diagnostics-driven,10.0,0.01,Diagnostics
E0108,P0108,78,65-79,Respiratory,2025-11-30,6,Sun,True,1.3,2.5,5.5,Medium,None,Transfer,Complex,6.28,1.05,0.7,0.1,2.57,1.06,0.0,11.77,4.96,0,True,2025-12-12,Destination,Destination-blocked,11.76,0.01,Destination
E0109,P0109,53,45-64,General Medicine,2025-11-16,6,Sun,True,4.7,0.0,5.4,High,None,Home,Simple,5.73,2.72,0.29,0.04,0.18,0.81,0.07,9.86,3.65,1,True,2025-11-26,Diagnostics,Diagnostics-driven,9.84,0.02,Diagnostics
E0110,P0110,69,65-79,Surgery,2025-11-21,4,Fri,False,3.8,1.7,3.5,Medium,Moderate,Home with supports,Moderate,2.85,0.66,0.23,0.56,0.76,0.66,0.45,6.17,2.53,1,True,2025-11-28,Destination,Low-delay / routine,6.17,0.0,Destination
E0111,P0111,82,80+,General Medicine,2025-12-08,0,Mon,False,5.7,2.9,3.2,Medium,High,Home,Simple,6.72,0.61,0.0,1.96,0.13,0.45,0.0,9.88,2.94,1,False,2025-12-18,Allied,Allied-health constrained,9.87,0.01,Allied Health
E0112,P0112,77,65-79,Neurology,2025-12-06,5,Sat,True,2.8,0.6,5.0,High,Moderate,Home with supports,Moderate,5.31,1.8,0.35,0.39,0.7,0.28,0.34,9.17,3.38,1,False,2025-12-16,Diagnostics,Diagnostics-driven,9.17,0.0,Diagnostics
E0113,P0113,75,65-79,Surgery,2025-05-27,1,Tue,False,3.8,3.0,4.0,Medium,High,Rehab,Complex,2.92,0.22,0.0,2.12,2.69,0.6,0.12,8.67,5.33,1,False,2025-06-05,Destination,Destination-blocked,8.67,0.0,Destination
E0114,P0114,32,18-44,Neurology,2025-03-25,1,Tue,False,2.6,1.6,6.8,Medium,Moderate,Home,Simple,8.11,1.23,0.0,0.79,0.24,0.0,0.25,10.62,2.26,0,True,2025-04-05,Diagnostics,Diagnostics-driven,10.62,0.0,Diagnostics
E0115,P0115,69,65-79,General Medicine,2025-01-02,3,Thu,False,4.5,3.4,5.1,Medium,None,Home,Simple,7.65,0.63,0.0,0.0,0.26,0.42,0.0,8.95,1.1,1,False,2025-01-11,Diagnostics,Low-delay / routine,8.96,-0.01,Diagnostics
E0116,P0116,47,45-64,Respiratory,2025-07-14,0,Mon,False,1.6,0.0,4.5,Medium,Low,Home,Simple,6.49,1.15,0.0,0.0,0.04,0.0,0.17,7.85,1.19,2,True,2025-07-22,Diagnostics,Low-delay / routine,7.85,0.0,Diagnostics
E0117,P0117,35,18-44,General Medicine,2025-05-06,1,Tue,False,0.6,2.4,4.8,High,Low,Home,Simple,6.16,1.52,0.0,0.28,0.0,0.0,0.0,7.97,1.81,1,True,2025-05-14,Diagnostics,Diagnostics-driven,7.96,0.01,Diagnostics
E0118,P0118,76,65-79,Surgery,2025-12-23,1,Tue,False,2.1,0.0,2.8,High,Moderate,Home,Simple,2.65,1.76,0.0,1.75,0.0,0.37,0.01,6.55,3.7,2,False,2025-12-30,Diagnostics,Diagnostics-driven,6.54,0.01,Diagnostics
E0119,P0119,89,80+,Surgery,2025-12-07,6,Sun,True,2.2,2.9,4.7,Low,Moderate,Home,Simple,4.53,0.61,0.12,0.0,0.06,0.78,0.94,7.04,1.18,1,True,2025-12-15,Unexplained,Low-delay / routine,7.04,0.0,Unexplained
E0120,P0120,34,18-44,Cardiology,2025-04-11,4,Fri,False,0.0,2.4,5.0,High,None,Home with supports,Moderate,5.77,1.72,0.23,0.0,0.21,0.25,0.39,8.56,2.28,2,False,2025-04-20,Diagnostics,Diagnostics-driven,8.57,-0.01,Diagnostics
E0121,P0121,45,45-64,Cardiology,2025-08-04,0,Mon,False,4.7,0.0,4.3,Medium,Moderate,Home,Simple,4.86,1.54,0.0,0.23,0.29,0.35,0.31,7.58,2.24,0,True,2025-08-12,Diagnostics,Diagnostics-driven,7.58,0.0,Diagnostics
E0122,P0122,52,45-64,Neurology,2025-05-27,1,Tue,False,1.8,0.0,4.2,Low,High,Home,Simple,7.19,0.36,0.0,1.46,0.26,0.61,0.71,10.58,2.38,2,True,2025-06-07,Allied,Allied-health constrained,10.59,-0.01,Allied Health
E0123,P0123,78,65-79,Surgery,2025-10-30,3,Thu,False,4.4,0.6,4.9,Medium,None,Home,Simple,4.01,0.32,0.0,0.05,0.17,0.04,0.63,5.22,0.55,1,True,2025-11-05,Unexplained,Low-delay / routine,5.22,0.0,Unexplained
E0124,P0124,81,80+,General Medicine,2025-05-25,6,Sun,True,6.6,7.1,4.6,Medium,None,Home,Simple,4.06,0.39,0.17,0.0,0.22,0.45,0.16,5.46,1.01,0,False,2025-05-31,DischargePlanning,Low-delay / routine,5.45,0.01,Discharge Planning
E0125,P0125,69,65-79,Oncology,2025-10-02,3,Thu,False,0.0,1.7,6.0,High,Moderate,Home with supports,Moderate,8.65,2.49,0.0,0.78,0.55,0.7,0.0,13.18,4.18,2,False,2025-10-16,Diagnostics,Diagnostics-driven,13.17,0.01,Diagnostics
E0126,P0126,77,65-79,Respiratory,2025-02-28,4,Fri,False,1.7,4.8,2.7,Low,Moderate,Home,Simple,5.63,0.04,0.52,0.45,0.1,0.74,0.0,7.48,1.48,0,False,2025-03-08,DischargePlanning,Low-delay / routine,7.48,0.0,Discharge Planning
E0127,P0127,55,45-64,General Medicine,2025-05-01,3,Thu,False,0.0,0.5,3.9,Medium,Moderate,Home,Simple,5.58,0.61,0.0,1.0,0.09,0.75,0.8,8.83,2.07,1,True,2025-05-10,Allied,Allied-health constrained,8.83,0.0,Allied Health
E0128,P0128,92,80+,General Medicine,2025-04-11,4,Fri,False,2.1,4.7,4.9,Low,None,Rehab,Moderate,5.33,0.11,0.0,0.0,0.81,0.14,0.18,6.56,0.99,1,True,2025-04-18,Destination,Low-delay / routine,6.57,-0.01,Destination
E0129,P0129,81,80+,General Medicine,2025-08-17,6,Sun,True,4.5,5.0,5.5,Medium,High,Home,Simple,4.37,1.09,0.88,0.88,0.04,0.82,0.53,8.61,3.3,1,False,2025-08-26,Diagnostics,Weekend-affected,8.61,0.0,Diagnostics
E0130,P0130,85,80+,Cardiology,2025-03-06,3,Thu,False,3.5,5.6,3.8,Low,Moderate,Home,Simple,4.76,0.0,0.0,0.25,0.07,0.0,0.52,5.6,0.31,1,True,2025-03-12,Unexplained,Low-delay / routine,5.6,0.0,Unexplained
E0131,P0131,91,80+,Respiratory,2025-12-12,4,Fri,False,0.6,2.4,7.2,Medium,Moderate,Home with supports,Moderate,5.54,0.78,0.32,1.32,0.18,0.13,0.31,8.58,2.66,2,True,2025-12-21,Allied,Allied-health constrained,8.58,0.0,Allied Health
E0132,P0132,88,80+,Oncology,2025-02-14,4,Fri,False,4.1,1.6,4.3,Low,Low,Home,Simple,8.94,0.18,0.0,0.2,0.13,0.18,0.03,9.68,0.61,0,True,2025-02-24,Allied,Low-delay / routine,9.66,0.02,Allied Health
E0133,P0133,92,80+,Neurology,2025-12-05,4,Fri,False,4.5,3.8,3.6,High,Low,Home,Simple,9.1,1.31,0.0,0.29,0.15,0.65,0.0,11.51,2.08,2,False,2025-12-17,Diagnostics,Diagnostics-driven,11.5,0.01,Diagnostics
E0134,P0134,69,65-79,General Medicine,2025-02-15,5,Sat,True,2.5,2.9,4.1,High,Moderate,Home with supports,Moderate,4.45,1.43,0.34,0.21,1.02,0.59,0.27,8.31,3.3,0,False,2025-02-24,Diagnostics,Diagnostics-driven,8.31,0.0,Diagnostics
E0135,P0135,39,18-44,Respiratory,2025-06-03,1,Tue,False,2.3,0.5,7.5,Medium,Low,Aged care,Simple,6.75,0.57,0.0,0.05,0.26,0.19,0.0,7.82,0.98,1,False,2025-06-11,Diagnostics,Low-delay / routine,7.82,0.0,Diagnostics
E0136,P0136,91,80+,Surgery,2025-05-17,5,Sat,True,4.6,5.5,5.9,High,None,Aged care,Complex,2.8,2.61,0.42,0.0,1.18,0.72,0.17,7.91,4.57,0,False,2025-05-25,Diagnostics,Diagnostics-driven,7.9,0.01,Diagnostics
E0137,P0137,81,80+,General Medicine,2025-05-09,4,Fri,False,2.1,1.6,5.0,High,Moderate,Home,Simple,5.5,0.95,0.0,1.02,0.31,0.19,0.0,7.97,2.37,2,True,2025-05-17,Allied,Allied-health constrained,7.97,0.0,Allied Health
E0138,P0138,53,45-64,Respiratory,2025-07-12,5,Sat,True,1.0,2.4,5.2,Low,High,Home,Simple,7.85,0.0,0.89,1.47,0.0,0.0,0.18,10.39,2.36,1,False,2025-07-23,Allied,Allied-health constrained,10.39,0.0,Allied Health
E0139,P0139,52,45-64,Respiratory,2025-02-10,0,Mon,False,3.1,3.3,3.1,Low,Low,Home,Simple,6.33,0.13,0.0,0.02,0.09,0.47,0.51,7.55,0.47,1,False,2025-02-18,Unexplained,Low-delay / routine,7.55,0.0,Unexplained
E0140,P0140,69,65-79,Respiratory,2025-09-05,4,Fri,False,3.2,2.9,6.9,Medium,Moderate,Home,Simple,2.96,1.25,0.13,1.1,0.08,0.78,0.0,6.29,2.94,1,False,2025-09-12,Diagnostics,Diagnostics-driven,6.3,-0.01,Diagnostics
E0141,P0141,78,65-79,Surgery,2025-07-09,2,Wed,False,1.9,4.5,3.7,Low,High,Home,Simple,3.53,0.34,0.0,0.87,0.0,0.54,0.0,5.28,1.48,1,True,2025-07-15,Allied,Low-delay / routine,5.28,0.0,Allied Health
E0142,P0142,65,65-79,General Medicine,2025-05-19,0,Mon,False,0.2,2.6,8.1,Medium,High,Rehab,Complex,6.87,0.82,0.0,0.81,2.54,0.49,0.41,11.94,4.41,0,True,2025-05-31,Destination,Destination-blocked,11.94,0.0,Destination
E0143,P0143,94,80+,General Medicine,2025-06-16,0,Mon,False,3.4,6.2,4.0,Medium,None,Home,Simple,5.1,0.99,0.0,0.06,0.35,0.0,0.19,6.68,1.4,1,False,2025-06-23,Diagnostics,Low-delay / routine,6.69,-0.01,Diagnostics
E0144,P0144,28,18-44,Oncology,2025-03-19,2,Wed,False,0.0,0.0,5.0,Medium,Moderate,Home,Simple,8.28,0.72,0.0,0.6,0.14,0.31,0.74,10.79,1.62,1,True,2025-03-30,Unexplained,Low-delay / routine,10.79,0.0,Unexplained
E0145,P0145,48,45-64,Surgery,2025-05-31,5,Sat,True,3.2,1.0,3.4,Low,High,Home with supports,Moderate,3.51,0.21,0.43,0.94,0.55,0.0,0.1,5.73,2.12,1,False,2025-06-06,Allied,Low-delay / routine,5.74,-0.01,Allied Health
E0146,P0146,84,80+,Respiratory,2025-04-28,0,Mon,False,3.0,2.2,5.1,Medium,None,Home,Simple,5.13,0.77,0.0,0.0,0.21,0.71,0.34,7.16,1.33,1,False,2025-05-06,Diagnostics,Low-delay / routine,7.16,0.0,Diagnostics
E0147,P0147,54,45-64,Oncology,2025-12-27,5,Sat,True,1.3,0.0,5.6,High,None,Home,Simple,7.02,2.33,0.0,0.0,0.0,0.09,0.22,9.66,2.37,0,True,2026-01-06,Diagnostics,Diagnostics-driven,9.66,0.0,Diagnostics
E0148,P0148,90,80+,Neurology,2025-10-22,2,Wed,False,2.0,4.3,4.4,High,Moderate,Home,Simple,9.6,2.12,0.0,0.34,0.32,0.09,1.0,13.46,2.82,1,False,2025-11-05,Diagnostics,Diagnostics-driven,13.47,-0.01,Diagnostics
E0149,P0149,46,45-64,Respiratory,2025-03-06,3,Thu,False,1.6,0.2,3.6,High,None,Home with supports,Moderate,5.8,0.34,0.0,0.07,0.87,0.12,0.47,7.68,1.35,1,False,2025-03-14,Destination,Low-delay / routine,7.67,0.01,Destination
E0150,P0150,93,80+,General Medicine,2025-04-16,2,Wed,False,3.8,3.0,5.6,Medium,Moderate,Rehab,Complex,5.98,0.82,0.0,0.72,3.35,0.57,0.0,11.43,5.17,1,False,2025-04-28,Destination,Destination-blocked,11.44,-0.01,Destination
E0151,P0151,69,65-79,General Medicine,2025-05-31,5,Sat,True,2.6,2.8,4.2,Medium,Low,Home with supports,Moderate,5.97,0.01,0.78,0.35,0.63,0.47,0.0,8.22,2.02,0,False,2025-06-09,Weekend,Weekend-affected,8.21,0.01,Weekend
E0152,P0152,71,65-79,Cardiology,2025-04-01,1,Tue,False,1.6,3.3,5.6,Medium,Moderate,Home,Simple,4.25,1.02,0.0,0.59,0.27,0.66,1.0,7.79,2.21,0,False,2025-04-09,Diagnostics,Low-delay / routine,7.79,0.0,Diagnostics
E0153,P0153,76,65-79,Respiratory,2025-04-17,3,Thu,False,1.6,2.2,6.8,Medium,None,Home,Simple,4.76,0.7,0.0,0.04,0.1,0.56,0.12,6.28,1.12,1,False,2025-04-24,Diagnostics,Low-delay / routine,6.28,0.0,Diagnostics
E0154,P0154,60,45-64,General Medicine,2025-05-13,1,Tue,False,3.0,3.7,4.3,High,None,Rehab,Complex,6.5,0.2,0.0,0.02,1.73,0.29,0.29,9.03,2.09,0,False,2025-05-23,Destination,Destination-blocked,9.03,0.0,Destination
E0155,P0155,65,65-79,Surgery,2025-12-28,6,Sun,True,2.9,1.6,3.4,Low,High,Home,Simple,3.35,0.41,0.83,1.47,0.05,0.7,0.0,6.82,3.12,0,True,2026-01-04,Allied,Allied-health constrained,6.81,0.01,Allied Health
E0156,P0156,78,65-79,Respiratory,2025-04-22,1,Tue,False,1.2,3.4,8.1,Low,None,Home,Simple,4.84,0.0,0.0,0.0,0.05,1.11,0.4,6.4,0.61,0,True,2025-04-29,DischargePlanning,Low-delay / routine,6.4,0.0,Discharge Planning
E0157,P0157,59,45-64,Cardiology,2025-06-01,6,Sun,True,3.2,5.8,2.2,Medium,Moderate,Home with supports,Moderate,2.52,0.7,0.01,1.11,0.68,0.39,1.03,6.43,2.69,0,False,2025-06-08,Allied,Allied-health constrained,6.44,-0.01,Allied Health
E0158,P0158,61,45-64,General Medicine,2025-03-12,2,Wed,False,2.2,1.2,6.2,High,Moderate,Home,Simple,5.72,1.84,0.0,1.05,0.24,0.19,0.5,9.54,3.22,2,False,2025-03-22,Diagnostics,Diagnostics-driven,9.54,0.0,Diagnostics
E0159,P0159,92,80+,Neurology,2025-03-27,3,Thu,False,2.7,4.4,7.3,Medium,High,Home with supports,Moderate,7.41,0.58,0.0,1.34,1.31,0.45,0.01,11.1,3.46,2,False,2025-04-08,Allied,Allied-health constrained,11.1,0.0,Allied Health
E0160,P0160,39,18-44,General Medicine,2025-01-06,0,Mon,False,3.0,0.0,3.7,Medium,Moderate,Home,Simple,4.99,0.27,0.0,0.42,0.0,0.0,0.18,5.87,0.69,1,False,2025-01-12,Allied,Low-delay / routine,5.86,0.01,Allied Health
E0161,P0161,90,80+,Neurology,2025-08-23,5,Sat,True,3.1,5.1,6.0,Medium,Moderate,Home,Simple,4.63,1.43,0.76,1.8,0.3,0.22,0.48,9.62,4.4,1,False,2025-09-02,Allied,Diagnostics-driven,9.62,0.0,Allied Health
E0162,P0162,74,65-79,Cardiology,2025-08-03,6,Sun,True,1.4,0.9,7.6,Medium,High,Home with supports,Moderate,3.61,1.12,0.89,0.94,1.48,0.06,0.39,8.5,4.47,2,False,2025-08-12,Destination,Weekend-affected,8.49,0.01,Destination
E0163,P0163,95,80+,Surgery,2025-03-22,5,Sat,True,2.3,2.6,5.0,Medium,Moderate,Transfer,Complex,5.56,1.67,0.8,0.99,2.16,0.12,0.2,11.49,5.67,0,False,2025-04-03,Destination,Destination-blocked,11.5,-0.01,Destination
E0164,P0164,38,18-44,Surgery,2025-07-26,5,Sat,True,3.6,3.3,5.7,Low,None,Home with supports,Moderate,2.86,0.0,0.5,0.0,0.85,0.18,0.49,4.88,1.44,2,True,2025-07-31,Destination,Low-delay / routine,4.88,0.0,Destination
E0165,P0165,85,80+,Oncology,2025-09-15,0,Mon,False,3.6,5.8,6.4,Medium,High,Aged care,Simple,10.43,0.23,0.0,0.65,0.0,0.43,0.63,12.37,1.09,0,True,2025-09-28,Allied,Low-delay / routine,12.37,0.0,Allied Health
E0166,P0166,31,18-44,Cardiology,2025-04-24,3,Thu,False,0.4,4.0,4.7,Low,High,Home,Simple,2.99,0.0,0.0,0.37,0.13,0.1,0.56,4.15,0.55,0,False,2025-04-29,Unexplained,Low-delay / routine,4.15,0.0,Unexplained
E0167,P0167,90,80+,Respiratory,2025-04-20,6,Sun,True,5.6,7.0,3.2,Medium,Moderate,Home with supports,Moderate,7.85,0.69,0.61,0.68,1.13,0.5,0.1,11.55,3.36,2,True,2025-05-02,Destination,Low-delay / routine,11.56,-0.01,Destination
E0168,P0168,71,65-79,Oncology,2025-02-28,4,Fri,False,4.2,5.0,7.5,Low,None,Rehab,Complex,7.41,0.02,0.0,0.05,2.47,0.63,0.72,11.3,2.86,1,False,2025-03-12,Destination,Destination-blocked,11.3,0.0,Destination
E0169,P0169,82,80+,Surgery,2025-06-05,3,Thu,False,0.5,4.0,5.0,Low,High,Home with supports,Moderate,2.99,0.0,0.0,2.18,0.4,0.46,0.58,6.6,2.81,2,False,2025-06-12,Allied,Allied-health constrained,6.61,-0.01,Allied Health
E0170,P0170,94,80+,General Medicine,2025-06-04,2,Wed,False,4.4,2.9,6.1,High,High,Home,Simple,5.93,2.16,0.0,1.38,0.17,0.37,0.18,10.18,3.89,2,False,2025-06-15,Diagnostics,Diagnostics-driven,10.19,-0.01,Diagnostics
E0171,P0171,82,80+,Surgery,2025-01-11,5,Sat,True,3.4,7.0,4.5,Low,High,Home,Simple,3.27,0.45,0.0,1.11,0.03,0.19,0.45,5.5,1.68,0,False,2025-01-17,Allied,Allied-health constrained,5.5,0.0,Allied Health
E0172,P0172,57,45-64,Cardiology,2025-02-05,2,Wed,False,2.6,1.0,4.0,High,None,Home,Simple,3.14,0.0,0.0,0.0,0.3,0.32,0.33,4.1,0.46,1,True,2025-02-10,Unexplained,Low-delay / routine,4.09,0.01,Unexplained
E0173,P0173,61,45-64,Neurology,2025-03-06,3,Thu,False,0.3,0.0,4.9,High,None,Home,Simple,8.3,1.24,0.0,0.09,0.22,0.37,0.38,10.61,1.74,1,False,2025-03-17,Diagnostics,Diagnostics-driven,10.6,0.01,Diagnostics
E0174,P0174,88,80+,Surgery,2025-02-09,6,Sun,True,2.3,3.6,7.2,Medium,Moderate,Aged care,Complex,4.19,0.59,0.72,0.49,0.04,0.38,0.37,6.77,2.02,0,False,2025-02-16,Weekend,Weekend-affected,6.78,-0.01,Weekend
E0175,P0175,73,65-79,General Medicine,2025-07-07,0,Mon,False,5.8,2.9,5.0,Medium,Moderate,Home,Simple,3.62,0.18,0.0,0.82,0.0,0.32,0.4,5.35,1.16,0,False,2025-07-13,Allied,Low-delay / routine,5.34,0.01,Allied Health
E0176,P0176,73,65-79,Oncology,2025-01-06,0,Mon,False,2.1,5.4,4.7,Medium,None,Home with supports,Moderate,6.88,0.89,0.0,0.03,0.31,0.33,0.01,8.45,1.39,2,True,2025-01-15,Diagnostics,Low-delay / routine,8.45,0.0,Diagnostics
E0177,P0177,27,18-44,General Medicine,2025-04-24,3,Thu,False,1.6,1.0,3.4,Medium,None,Home,Simple,3.64,0.76,0.0,0.03,0.21,0.5,0.73,5.87,1.25,1,False,2025-04-30,Diagnostics,Low-delay / routine,5.87,0.0,Diagnostics
E0178,P0178,78,65-79,Oncology,2025-04-04,4,Fri,False,3.6,6.8,5.1,Medium,None,Rehab,Complex,5.93,1.51,0.0,0.02,1.09,0.68,0.09,9.32,2.96,2,False,2025-04-14,Diagnostics,Diagnostics-driven,9.32,0.0,Diagnostics
E0179,P0179,95,80+,Surgery,2025-09-22,0,Mon,False,3.4,0.8,4.8,Low,High,Rehab,Moderate,4.14,0.58,0.0,2.0,0.94,0.14,0.32,8.13,3.6,2,False,2025-10-01,Allied,Allied-health constrained,8.12,0.01,Allied Health
E0180,P0180,82,80+,Cardiology,2025-11-06,3,Thu,False,4.3,4.1,3.9,Medium,Low,Home,Simple,6.1,1.38,0.0,0.0,0.18,0.72,0.0,8.38,1.92,1,False,2025-11-15,Diagnostics,Diagnostics-driven,8.38,0.0,Diagnostics
E0181,P0181,83,80+,Cardiology,2025-02-27,3,Thu,False,6.7,3.6,1.5,Medium,High,Home,Simple,5.63,0.53,0.0,0.83,0.1,0.56,0.0,7.64,1.74,0,True,2025-03-07,Allied,Low-delay / routine,7.65,-0.01,Allied Health
E0182,P0182,58,45-64,Surgery,2025-08-25,0,Mon,False,1.5,2.2,1.0,Low,Low,Home,Simple,4.19,0.36,0.0,0.37,0.12,0.39,0.49,5.94,1.06,0,True,2025-08-31,Unexplained,Low-delay / routine,5.92,0.02,Unexplained
E0183,P0183,74,65-79,General Medicine,2025-06-24,1,Tue,False,4.0,2.8,6.3,Low,Low,Home,Simple,4.02,0.03,0.0,0.0,0.13,0.93,0.23,5.34,0.63,0,False,2025-06-30,DischargePlanning,Low-delay / routine,5.34,0.0,Discharge Planning
E0184,P0184,49,45-64,Respiratory,2025-03-11,1,Tue,False,0.0,1.5,6.6,Medium,Moderate,Rehab,Moderate,7.7,1.02,0.0,0.61,1.23,0.37,0.43,11.36,3.05,0,False,2025-03-23,Destination,Low-delay / routine,11.36,0.0,Destination
E0185,P0185,30,18-44,Respiratory,2025-12-24,2,Wed,False,3.9,3.1,5.6,Medium,None,Home,Simple,5.3,0.0,0.0,0.03,0.09,0.36,0.1,5.88,0.3,0,False,2025-12-30,DischargePlanning,Low-delay / routine,5.88,0.0,Discharge Planning
E0186,P0186,59,45-64,Respiratory,2025-11-17,0,Mon,False,1.6,2.7,4.3,High,Moderate,Home,Simple,5.49,1.65,0.0,0.23,0.13,0.14,0.61,8.25,2.08,2,False,2025-11-26,Diagnostics,Diagnostics-driven,8.25,0.0,Diagnostics
E0187,P0187,32,18-44,General Medicine,2025-11-06,3,Thu,False,2.9,3.3,3.3,Low,Moderate,Home,Simple,4.13,0.57,0.0,0.13,0.07,0.35,0.52,5.77,0.94,1,True,2025-11-12,Diagnostics,Low-delay / routine,5.77,0.0,Diagnostics
E0188,P0188,86,80+,Oncology,2025-02-13,3,Thu,False,2.3,5.0,4.1,High,Moderate,Home,Simple,7.56,0.0,0.0,1.16,0.05,0.61,0.67,10.05,1.52,1,True,2025-02-24,Allied,Allied-health constrained,10.05,0.0,Allied Health
E0189,P0189,57,45-64,General Medicine,2025-11-10,0,Mon,False,0.0,2.5,3.5,Medium,None,Rehab,Complex,3.52,0.74,0.0,0.0,1.46,0.32,0.0,6.04,2.36,2,True,2025-11-17,Destination,Low-delay / routine,6.04,0.0,Destination
E0190,P0190,77,65-79,Respiratory,2025-11-09,6,Sun,True,1.1,2.3,5.1,Low,None,Rehab,Complex,6.77,0.17,0.48,0.0,0.0,0.51,0.36,8.28,0.9,0,False,2025-11-18,DischargePlanning,Low-delay / routine,8.29,-0.01,Discharge Planning
E0191,P0191,94,80+,General Medicine,2025-11-19,2,Wed,False,1.7,5.5,5.8,Medium,Low,Home,Simple,6.1,0.55,0.0,0.15,0.29,0.42,0.0,7.52,1.21,1,False,2025-11-27,Diagnostics,Low-delay / routine,7.51,0.01,Diagnostics
E0192,P0192,91,80+,Surgery,2025-03-28,4,Fri,False,0.7,2.0,3.2,Low,High,Home,Simple,3.32,0.37,0.0,1.4,0.13,0.24,0.74,6.19,2.01,1,False,2025-04-04,Allied,Allied-health constrained,6.2,-0.01,Allied Health
E0193,P0193,88,80+,Cardiology,2025-11-30,6,Sun,True,3.6,3.7,3.2,Low,Low,Aged care,Simple,3.73,0.02,0.11,0.01,0.04,0.15,0.01,4.07,0.25,0,False,2025-12-05,DischargePlanning,Low-delay / routine,4.07,0.0,Discharge Planning
E0194,P0194,70,65-79,Cardiology,2025-05-10,5,Sat,True,4.2,3.3,3.5,Medium,Moderate,Home,Simple,3.18,0.72,0.34,0.37,0.03,0.36,0.0,5.0,1.64,0,True,2025-05-15,Diagnostics,Low-delay / routine,5.0,0.0,Diagnostics
E0195,P0195,32,18-44,General Medicine,2025-03-17,0,Mon,False,0.6,0.2,3.1,Low,Moderate,Home with supports,Moderate,5.52,0.38,0.0,1.47,0.72,0.0,0.34,8.45,2.58,0,True,2025-03-26,Allied,Allied-health constrained,8.43,0.02,Allied Health
E0196,P0196,73,65-79,Oncology,2025-11-22,5,Sat,True,1.2,0.1,5.4,High,Moderate,Home,Simple,5.79,1.0,0.62,0.19,0.0,0.72,0.37,8.69,2.18,1,True,2025-12-01,Diagnostics,Low-delay / routine,8.69,0.0,Diagnostics
E0197,P0197,22,18-44,Respiratory,2025-12-09,1,Tue,False,0.7,4.4,3.7,Low,High,Home,Simple,6.48,0.32,0.0,2.18,0.26,0.31,0.15,9.7,2.91,1,False,2025-12-19,Allied,Allied-health constrained,9.7,0.0,Allied Health
E0198,P0198,61,45-64,Respiratory,2025-12-18,3,Thu,False,0.0,1.3,6.2,High,Moderate,Home with supports,Moderate,7.1,1.74,0.0,0.97,0.44,0.4,0.11,10.75,3.34,0,True,2025-12-29,Diagnostics,Diagnostics-driven,10.76,-0.01,Diagnostics
E0199,P0199,77,65-79,Oncology,2025-07-14,0,Mon,False,4.4,1.1,8.0,Medium,Moderate,Home with supports,Moderate,8.65,1.07,0.0,0.39,1.16,0.24,0.47,11.98,2.75,1,True,2025-07-26,Destination,Low-delay / routine,11.98,0.0,Destination
E0200,P0200,39,18-44,General Medicine,2025-07-04,4,Fri,False,0.0,0.5,6.5,Medium,High,Home,Simple,4.27,0.69,0.09,2.74,0.0,0.3,0.6,8.68,3.66,2,True,2025-07-13,Allied,Allied-health constrained,8.69,-0.01,Allied Health
E0201,P0201,77,65-79,Oncology,2025-12-25,3,Thu,False,0.9,1.8,5.5,Low,Moderate,Home,Simple,5.75,0.35,0.0,0.88,0.0,0.56,0.0,7.54,1.51,1,False,2026-01-02,Allied,Low-delay / routine,7.54,0.0,Allied Health
E0202,P0202,68,65-79,Surgery,2025-05-28,2,Wed,False,2.5,3.7,5.6,Medium,Moderate,Home,Simple,2.93,0.34,0.0,1.17,0.2,0.99,0.0,5.62,2.2,0,False,2025-06-03,Allied,Allied-health constrained,5.63,-0.01,Allied Health
E0203,P0203,77,65-79,Oncology,2025-10-10,4,Fri,False,2.2,6.0,4.5,Medium,None,Home,Simple,4.93,1.24,0.3,0.0,0.19,1.19,0.28,8.14,2.33,1,False,2025-10-19,Diagnostics,Diagnostics-driven,8.13,0.01,Diagnostics
E0204,P0204,45,45-64,Cardiology,2025-07-31,3,Thu,False,0.6,0.6,4.3,Low,Moderate,Home,Simple,3.64,0.0,0.0,0.65,0.0,0.32,0.62,5.23,0.81,1,True,2025-08-06,Allied,Low-delay / routine,5.23,0.0,Allied Health
E0205,P0205,76,65-79,Surgery,2025-07-23,2,Wed,False,0.5,4.0,4.1,High,None,Rehab,Moderate,4.93,0.9,0.0,0.05,1.52,0.49,0.0,7.89,2.72,1,False,2025-07-31,Destination,Destination-blocked,7.89,0.0,Destination
E0206,P0206,57,45-64,Cardiology,2025-05-17,5,Sat,True,0.8,2.4,3.2,Medium,None,Home,Simple,5.98,0.69,0.15,0.0,0.23,0.31,0.37,7.73,1.22,1,True,2025-05-25,Diagnostics,Low-delay / routine,7.73,0.0,Diagnostics
E0207,P0207,73,65-79,Neurology,2025-06-03,1,Tue,False,4.5,1.9,7.2,High,Moderate,Rehab,Moderate,7.57,1.65,0.0,0.22,1.34,0.7,0.0,11.49,3.57,1,False,2025-06-15,Diagnostics,Diagnostics-driven,11.48,0.01,Diagnostics
E0208,P0208,63,45-64,Respiratory,2025-12-19,4,Fri,False,0.0,2.0,2.4,Medium,None,Rehab,Complex,4.23,1.33,0.0,0.0,1.47,0.29,0.39,7.72,2.95,0,False,2025-12-27,Destination,Diagnostics-driven,7.71,0.01,Destination
E0209,P0209,70,65-79,Neurology,2025-11-04,1,Tue,False,2.9,1.7,4.7,High,None,Home with supports,Moderate,5.03,2.05,0.0,0.0,0.6,0.29,0.0,7.96,2.79,1,False,2025-11-12,Diagnostics,Diagnostics-driven,7.97,-0.01,Diagnostics
E0210,P0210,60,45-64,Respiratory,2025-12-21,6,Sun,True,1.5,0.0,4.4,High,Moderate,Home,Simple,5.36,3.32,0.28,0.9,0.19,0.3,0.22,10.55,4.83,0,False,2026-01-01,Diagnostics,Diagnostics-driven,10.57,-0.02,Diagnostics
E0211,P0211,50,45-64,Oncology,2025-02-13,3,Thu,False,1.7,1.1,9.5,High,Moderate,Home,Simple,6.77,0.96,0.0,0.54,0.4,0.04,0.06,8.77,1.92,1,False,2025-02-22,Diagnostics,Low-delay / routine,8.77,0.0,Diagnostics
E0212,P0212,45,45-64,Cardiology,2025-12-30,1,Tue,False,1.6,2.6,6.4,Medium,Moderate,Home,Simple,4.65,1.14,0.0,0.89,0.3,0.38,0.22,7.58,2.52,1,False,2026-01-07,Diagnostics,Low-delay / routine,7.58,0.0,Diagnostics
E0213,P0213,73,65-79,General Medicine,2025-05-30,4,Fri,False,2.9,2.1,4.8,Low,Moderate,Home,Simple,7.05,0.0,0.26,0.51,0.0,0.47,0.05,8.34,1.0,1,False,2025-06-08,Allied,Low-delay / routine,8.34,0.0,Allied Health
E0214,P0214,83,80+,Cardiology,2025-06-24,1,Tue,False,3.0,4.5,4.8,Medium,High,Home with supports,Moderate,4.11,0.77,0.0,0.46,0.59,0.53,0.09,6.56,2.09,0,True,2025-07-01,Diagnostics,Low-delay / routine,6.55,0.01,Diagnostics
E0215,P0215,73,65-79,General Medicine,2025-10-06,0,Mon,False,2.4,5.0,1.4,Low,None,Rehab,Moderate,4.88,0.0,0.0,0.0,0.77,0.25,0.07,5.96,0.89,0,False,2025-10-12,Destination,Low-delay / routine,5.97,-0.01,Destination
E0216,P0216,95,80+,Respiratory,2025-04-04,4,Fri,False,2.2,4.4,5.7,Low,Moderate,Home,Simple,5.34,0.42,0.0,0.43,0.32,0.82,0.09,7.42,1.59,1,False,2025-04-12,DischargePlanning,Low-delay / routine,7.42,0.0,Discharge Planning
E0217,P0217,65,65-79,Surgery,2025-02-20,3,Thu,False,4.0,4.4,6.8,Low,Low,Aged care,Complex,3.48,0.48,0.0,0.05,2.04,0.58,0.52,7.15,2.85,1,False,2025-02-28,Destination,Destination-blocked,7.15,0.0,Destination
E0218,P0218,70,65-79,Neurology,2025-01-16,3,Thu,False,4.5,4.3,6.3,Medium,None,Home,Simple,9.07,0.16,0.0,0.0,0.24,0.76,0.48,10.71,0.78,1,True,2025-01-27,DischargePlanning,Low-delay / routine,10.71,0.0,Discharge Planning
E0219,P0219,57,45-64,Neurology,2025-03-29,5,Sat,True,2.0,4.2,4.6,Medium,None,Home with supports,Moderate,8.16,0.83,0.61,0.07,0.24,0.24,0.06,10.21,1.87,1,False,2025-04-09,Diagnostics,Low-delay / routine,10.21,0.0,Diagnostics
E0220,P0220,23,18-44,Cardiology,2025-11-27,3,Thu,False,0.0,3.8,3.2,Low,Low,Rehab,Complex,3.14,0.19,0.0,0.37,4.12,0.39,0.0,8.21,4.88,2,False,2025-12-06,Destination,Destination-blocked,8.21,0.0,Destination
E0221,P0221,90,80+,General Medicine,2025-12-11,3,Thu,False,5.4,1.8,5.3,Low,Low,Home,Simple,7.07,0.12,0.0,0.12,0.02,0.82,0.95,9.11,0.68,1,True,2025-12-21,Unexplained,Low-delay / routine,9.1,0.01,Unexplained
E0222,P0222,54,45-64,Surgery,2025-01-10,4,Fri,False,0.0,0.0,4.7,Low,Low,Home with supports,Moderate,4.2,0.32,0.0,0.18,1.3,0.73,0.51,7.24,2.16,1,False,2025-01-18,Destination,Low-delay / routine,7.24,0.0,Destination
E0223,P0223,94,80+,Oncology,2025-04-15,1,Tue,False,4.5,4.1,4.3,Low,High,Home with supports,Moderate,5.54,0.0,0.0,1.93,1.2,0.7,0.0,9.36,3.48,0,False,2025-04-25,Allied,Allied-health constrained,9.37,-0.01,Allied Health
E0224,P0224,93,80+,Neurology,2025-06-28,5,Sat,True,1.6,3.7,4.1,Low,Low,Transfer,Complex,8.6,0.36,0.1,0.13,1.35,0.25,0.0,10.79,2.06,0,False,2025-07-09,Destination,Low-delay / routine,10.79,0.0,Destination
E0225,P0225,88,80+,Oncology,2025-11-20,3,Thu,False,6.3,3.4,7.1,Medium,None,Rehab,Moderate,6.46,0.89,0.0,0.0,2.05,0.7,0.28,10.37,3.28,2,False,2025-12-01,Destination,Destination-blocked,10.38,-0.01,Destination
E0226,P0226,81,80+,General Medicine,2025-08-03,6,Sun,True,3.4,6.1,4.8,Low,Low,Home,Simple,5.19,0.2,0.36,0.25,0.01,0.4,0.49,6.91,1.02,1,False,2025-08-10,Unexplained,Low-delay / routine,6.9,0.01,Unexplained
E0227,P0227,72,65-79,Oncology,2025-11-08,5,Sat,True,4.5,5.9,3.4,High,High,Home,Simple,7.97,1.93,0.69,0.54,0.35,0.07,0.5,12.05,3.56,1,False,2025-11-21,Diagnostics,Diagnostics-driven,12.05,0.0,Diagnostics
E0228,P0228,94,80+,Oncology,2025-04-09,2,Wed,False,4.7,6.2,4.0,High,Moderate,Home,Simple,8.86,2.25,0.0,0.61,0.26,0.86,0.0,12.84,3.55,2,True,2025-04-22,Diagnostics,Diagnostics-driven,12.84,0.0,Diagnostics
E0229,P0229,78,65-79,Surgery,2025-08-29,4,Fri,False,1.5,3.5,2.1,Low,None,Home with supports,Moderate,3.18,0.17,0.0,0.0,0.84,0.77,0.0,4.97,1.41,2,False,2025-09-03,Destination,Low-delay / routine,4.96,0.01,Destination
E0230,P0230,75,65-79,Surgery,2025-09-30,1,Tue,False,1.5,3.6,5.4,Medium,Low,Aged care,Complex,3.14,1.76,0.0,0.34,4.88,0.71,0.05,10.88,7.34,1,False,2025-10-11,Destination,Destination-blocked,10.88,0.0,Destination
E0231,P0231,94,80+,Surgery,2025-04-07,0,Mon,False,2.6,6.5,4.5,Medium,Moderate,Home,Simple,4.27,0.81,0.0,0.77,0.06,0.41,0.0,6.32,1.84,1,True,2025-04-14,Diagnostics,Low-delay / routine,6.32,0.0,Diagnostics
E0232,P0232,90,80+,Respiratory,2025-10-22,2,Wed,False,5.3,4.9,5.7,Medium,Moderate,Home,Simple,5.59,0.72,0.0,0.47,0.25,0.08,0.42,7.52,1.47,1,False,2025-10-30,Diagnostics,Low-delay / routine,7.53,-0.01,Diagnostics
E0233,P0233,92,80+,Cardiology,2025-11-30,6,Sun,True,3.4,6.0,2.6,Medium,None,Home,Simple,5.1,0.34,0.0,0.01,0.35,0.39,0.59,6.78,0.9,1,False,2025-12-07,Unexplained,Low-delay / routine,6.78,0.0,Unexplained
E0234,P0234,79,65-79,Cardiology,2025-04-20,6,Sun,True,3.0,4.0,3.2,Low,Moderate,Home,Simple,3.34,0.18,0.01,0.45,0.16,0.3,0.0,4.44,0.95,0,True,2025-04-25,Allied,Low-delay / routine,4.44,0.0,Allied Health
E0235,P0235,65,65-79,Surgery,2025-07-06,6,Sun,True,2.5,3.6,3.1,Medium,Low,Home with supports,Moderate,2.95,0.9,0.14,0.1,0.35,0.86,0.26,5.55,1.91,1,False,2025-07-12,Diagnostics,Low-delay / routine,5.56,-0.01,Diagnostics
E0236,P0236,70,65-79,General Medicine,2025-07-30,2,Wed,False,0.9,0.0,4.0,Low,Low,Transfer,Complex,4.68,0.12,0.0,0.25,1.96,0.55,0.02,7.57,2.6,1,True,2025-08-07,Destination,Destination-blocked,7.58,-0.01,Destination
E0237,P0237,86,80+,General Medicine,2025-03-12,2,Wed,False,5.6,5.0,5.9,High,None,Home,Simple,7.09,0.36,0.0,0.0,0.04,0.81,0.38,8.68,0.81,1,True,2025-03-21,DischargePlanning,Low-delay / routine,8.68,0.0,Discharge Planning
E0238,P0238,54,45-64,General Medicine,2025-11-03,0,Mon,False,3.5,5.0,3.1,High,None,Home,Simple,6.76,1.08,0.0,0.02,0.29,0.0,0.12,8.28,1.4,1,True,2025-11-12,Diagnostics,Low-delay / routine,8.27,0.01,Diagnostics
E0239,P0239,25,18-44,Cardiology,2025-04-30,2,Wed,False,1.6,0.0,5.0,High,Low,Home,Simple,3.44,2.35,0.0,0.23,0.0,0.66,0.47,7.16,2.92,0,False,2025-05-08,Diagnostics,Diagnostics-driven,7.15,0.01,Diagnostics
E0240,P0240,34,18-44,Cardiology,2025-10-01,2,Wed,False,0.5,3.9,2.7,High,None,Home,Simple,4.5,3.64,0.0,0.0,0.01,0.28,0.25,8.68,3.79,0,False,2025-10-10,Diagnostics,Diagnostics-driven,8.68,0.0,Diagnostics
E0241,P0241,74,65-79,General Medicine,2025-06-03,1,Tue,False,0.0,4.5,2.5,High,Low,Aged care,Complex,4.3,0.1,0.0,0.42,1.06,0.63,0.41,6.92,1.9,2,False,2025-06-10,Destination,Low-delay / routine,6.92,0.0,Destination
E0242,P0242,48,45-64,Neurology,2025-07-08,1,Tue,False,1.3,4.9,7.5,Medium,Low,Home,Simple,3.84,0.24,0.0,0.33,0.13,0.02,0.09,4.66,0.72,1,True,2025-07-13,Allied,Low-delay / routine,4.65,0.01,Allied Health
E0243,P0243,66,65-79,Respiratory,2025-04-18,4,Fri,False,2.7,4.9,5.4,Medium,Moderate,Home,Simple,4.48,0.64,0.49,0.88,0.0,0.54,0.49,7.53,2.29,1,False,2025-04-26,Allied,Low-delay / routine,7.52,0.01,Allied Health
E0244,P0244,66,65-79,Oncology,2025-02-13,3,Thu,False,4.8,2.2,5.8,High,None,Home,Simple,6.93,2.48,0.0,0.0,0.0,0.4,0.57,10.38,2.68,2,True,2025-02-24,Diagnostics,Diagnostics-driven,10.38,0.0,Diagnostics
E0245,P0245,90,80+,Surgery,2025-05-23,4,Fri,False,2.3,4.0,5.1,Medium,Low,Home,Simple,5.84,0.66,0.0,0.15,0.16,0.72,0.46,7.99,1.34,1,False,2025-05-31,DischargePlanning,Low-delay / routine,7.99,0.0,Discharge Planning
E0246,P0246,53,45-64,Respiratory,2025-01-10,4,Fri,False,1.7,0.9,6.0,Low,Low,Home,Simple,3.8,0.27,0.37,0.22,0.15,0.3,0.43,5.53,1.16,0,False,2025-01-16,Unexplained,Low-delay / routine,5.54,-0.01,Unexplained
E0247,P0247,73,65-79,Neurology,2025-01-02,3,Thu,False,4.7,0.0,6.0,Medium,Low,Aged care,Complex,6.35,0.37,0.0,0.05,3.93,0.61,0.0,11.31,4.66,1,False,2025-01-14,Destination,Destination-blocked,11.31,0.0,Destination
E0248,P0248,65,65-79,Oncology,2025-10-21,1,Tue,False,2.7,2.2,6.4,Low,Moderate,Rehab,Complex,5.87,0.68,0.0,0.85,1.9,0.1,0.0,9.4,3.48,0,False,2025-10-31,Destination,Destination-blocked,9.4,0.0,Destination
E0249,P0249,58,45-64,General Medicine,2025-06-29,6,Sun,True,1.6,2.3,4.5,Medium,Moderate,Home,Simple,2.51,0.21,0.51,1.4,0.07,0.04,0.6,5.34,2.21,1,False,2025-07-05,Allied,Allied-health constrained,5.34,0.0,Allied Health
E0250,P0250,78,65-79,Cardiology,2025-06-21,5,Sat,True,3.2,2.3,2.5,High,High,Home with supports,Moderate,2.61,1.61,0.76,1.44,0.23,0.75,0.02,7.43,4.42,0,True,2025-06-29,Diagnostics,Diagnostics-driven,7.42,0.01,Diagnostics
E0251,P0251,35,18-44,Cardiology,2025-02-26,2,Wed,False,0.6,0.0,4.9,Low,Low,Home,Simple,2.94,0.21,0.0,0.27,0.13,0.31,0.83,4.69,0.77,2,False,2025-03-03,Unexplained,Low-delay / routine,4.69,0.0,Unexplained
E0252,P0252,74,65-79,General Medicine,2025-03-29,5,Sat,True,2.3,3.0,5.8,Low,Moderate,Home,Simple,5.96,0.0,0.68,1.05,0.03,1.01,0.15,8.89,2.27,1,True,2025-04-07,Allied,Allied-health constrained,8.88,0.01,Allied Health
E0253,P0253,50,45-64,Neurology,2025-03-06,3,Thu,False,2.7,0.2,3.1,Medium,Moderate,Home,Simple,5.58,0.65,0.0,0.86,0.01,0.5,0.0,7.59,1.76,1,False,2025-03-14,Allied,Low-delay / routine,7.6,-0.01,Allied Health
E0254,P0254,81,80+,General Medicine,2025-11-29,5,Sat,True,4.2,3.4,1.0,High,None,Home with supports,Moderate,4.04,1.95,0.6,0.01,0.42,0.23,0.0,7.25,3.1,0,False,2025-12-07,Diagnostics,Diagnostics-driven,7.25,0.0,Diagnostics
E0255,P0255,21,18-44,Oncology,2025-10-08,2,Wed,False,1.0,0.0,4.7,Medium,Low,Home with supports,Moderate,6.06,1.37,0.0,0.0,1.24,0.18,1.15,9.99,2.69,0,True,2025-10-18,Diagnostics,Diagnostics-driven,10.0,-0.01,Diagnostics
E0256,P0256,83,80+,Cardiology,2025-03-10,0,Mon,False,2.8,1.9,3.4,High,High,Home with supports,Moderate,4.98,2.38,0.0,0.98,0.7,0.4,0.0,9.44,4.26,2,True,2025-03-20,Diagnostics,Diagnostics-driven,9.44,0.0,Diagnostics
E0257,P0257,79,65-79,Surgery,2025-06-17,1,Tue,False,3.5,3.5,1.7,High,Moderate,Home,Simple,5.54,1.74,0.0,0.98,0.09,0.44,0.0,8.79,3.02,1,False,2025-06-26,Diagnostics,Diagnostics-driven,8.79,0.0,Diagnostics
E0258,P0258,91,80+,Surgery,2025-11-01,5,Sat,True,4.9,5.2,3.8,Low,High,Home,Simple,4.0,0.21,0.0,1.71,0.25,0.21,0.39,6.78,2.28,1,False,2025-11-08,Allied,Allied-health constrained,6.77,0.01,Allied Health
E0259,P0259,56,45-64,Oncology,2025-04-27,6,Sun,True,2.4,1.7,3.5,High,Low,Home with supports,Moderate,5.7,1.72,0.25,0.03,0.51,0.13,0.38,8.71,2.57,1,False,2025-05-06,Diagnostics,Diagnostics-driven,8.72,-0.01,Diagnostics
E0260,P0260,21,18-44,Respiratory,2025-11-02,6,Sun,True,1.6,3.7,2.9,Medium,Moderate,Rehab,Complex,8.78,0.97,0.45,0.7,2.56,0.0,0.12,13.59,4.69,2,True,2025-11-16,Destination,Destination-blocked,13.58,0.01,Destination
E0261,P0261,63,45-64,Respiratory,2025-12-19,4,Fri,False,0.7,2.3,5.2,Medium,None,Home,Simple,3.73,0.6,0.0,0.0,0.08,0.36,0.55,5.31,0.85,0,False,2025-12-25,Diagnostics,Low-delay / routine,5.32,-0.01,Diagnostics
E0262,P0262,27,18-44,Oncology,2025-02-11,1,Tue,False,2.0,2.1,4.9,Medium,Moderate,Home,Simple,6.5,0.58,0.0,0.49,0.06,0.12,0.16,7.9,1.18,1,True,2025-02-19,Diagnostics,Low-delay / routine,7.91,-0.01,Diagnostics
E0263,P0263,86,80+,Surgery,2025-07-28,0,Mon,False,4.2,0.7,3.7,Medium,Low,Rehab,Complex,5.07,0.58,0.0,0.13,2.05,0.16,0.59,8.59,2.85,2,True,2025-08-06,Destination,Destination-blocked,8.58,0.01,Destination
E0264,P0264,81,80+,Respiratory,2025-11-23,6,Sun,True,5.8,2.7,5.1,Low,Moderate,Rehab,Complex,7.62,0.64,0.99,0.76,1.52,0.73,0.06,12.31,4.26,0,True,2025-12-06,Destination,Destination-blocked,12.32,-0.01,Destination
E0265,P0265,88,80+,General Medicine,2025-01-01,2,Wed,False,2.9,4.6,4.9,Low,Moderate,Home with supports,Moderate,5.7,0.5,0.0,1.18,1.1,0.41,0.61,9.51,2.99,1,True,2025-01-11,Allied,Allied-health constrained,9.5,0.01,Allied Health
E0266,P0266,82,80+,Respiratory,2025-02-13,3,Thu,False,5.3,5.5,2.9,High,Moderate,Home,Simple,5.29,1.48,0.0,0.39,0.0,0.3,0.0,7.46,2.02,1,False,2025-02-21,Diagnostics,Diagnostics-driven,7.46,0.0,Diagnostics
E0267,P0267,69,65-79,General Medicine,2025-01-24,4,Fri,False,4.0,0.6,1.4,Low,Moderate,Home,Simple,4.53,0.0,0.08,0.9,0.2,0.18,0.03,5.92,1.27,2,False,2025-01-30,Allied,Low-delay / routine,5.92,0.0,Allied Health
E0268,P0268,91,80+,General Medicine,2025-08-04,0,Mon,False,3.3,6.6,8.3,Medium,Low,Home with supports,Moderate,6.03,0.02,0.0,0.04,1.07,0.94,0.39,8.49,1.6,1,True,2025-08-13,Destination,Low-delay / routine,8.49,0.0,Destination
E0269,P0269,50,45-64,Respiratory,2025-10-24,4,Fri,False,2.3,0.5,5.4,Medium,None,Home,Simple,4.45,0.5,0.0,0.0,0.19,0.18,0.0,5.31,0.78,0,False,2025-10-30,Diagnostics,Low-delay / routine,5.32,-0.01,Diagnostics
E0270,P0270,62,45-64,Surgery,2025-08-27,2,Wed,False,4.6,3.3,3.8,Low,Moderate,Home,Simple,2.83,0.02,0.0,0.59,0.07,0.16,1.17,4.84,0.76,1,False,2025-09-01,Unexplained,Low-delay / routine,4.84,0.0,Unexplained
E0271,P0271,91,80+,General Medicine,2025-06-30,0,Mon,False,4.5,3.5,2.5,Medium,Low,Home with supports,Moderate,6.86,1.17,0.0,0.12,0.78,0.62,1.22,10.76,2.37,2,False,2025-07-11,Unexplained,Low-delay / routine,10.77,-0.01,Unexplained
E0272,P0272,78,65-79,General Medicine,2025-01-03,4,Fri,False,3.1,4.0,6.6,Medium,High,Home,Simple,4.81,0.14,0.45,1.65,0.54,0.77,0.54,8.91,3.17,1,False,2025-01-12,Allied,Allied-health constrained,8.9,0.01,Allied Health
E0273,P0273,29,18-44,General Medicine,2025-03-10,0,Mon,False,0.7,1.8,6.3,Medium,High,Home,Simple,5.59,0.64,0.0,1.85,0.06,0.39,0.5,9.03,2.74,1,True,2025-03-20,Allied,Allied-health constrained,9.03,0.0,Allied Health
E0274,P0274,59,45-64,General Medicine,2025-05-03,5,Sat,True,2.4,0.7,6.3,Medium,Low,Home,Simple,4.83,0.41,0.0,0.0,0.29,0.43,0.0,5.95,0.91,0,False,2025-05-09,DischargePlanning,Low-delay / routine,5.96,-0.01,Discharge Planning
E0275,P0275,66,65-79,Respiratory,2025-09-06,5,Sat,True,6.2,4.7,7.2,Medium,High,Home,Simple,7.23,0.93,0.36,0.72,0.06,0.25,0.27,9.83,2.2,0,False,2025-09-16,Diagnostics,Low-delay / routine,9.82,0.01,Diagnostics
E0276,P0276,57,45-64,Respiratory,2025-03-31,0,Mon,False,0.0,1.3,6.3,Medium,Moderate,Home with supports,Moderate,6.22,1.09,0.0,0.26,1.33,0.05,0.01,8.96,2.71,1,False,2025-04-09,Destination,Low-delay / routine,8.96,0.0,Destination
E0277,P0277,74,65-79,Cardiology,2025-11-22,5,Sat,True,3.0,5.1,5.4,Medium,Moderate,Transfer,Complex,4.62,0.56,0.59,0.45,1.3,0.67,0.08,8.27,3.24,1,True,2025-12-01,Destination,Low-delay / routine,8.27,0.0,Destination
E0278,P0278,83,80+,Oncology,2025-01-16,3,Thu,False,4.2,3.0,6.8,High,Moderate,Home,Simple,6.62,2.52,0.0,0.03,0.06,0.45,0.34,10.02,2.83,2,True,2025-01-27,Diagnostics,Diagnostics-driven,10.02,0.0,Diagnostics
E0279,P0279,64,45-64,Neurology,2025-04-27,6,Sun,True,2.0,2.7,4.1,Medium,None,Home,Simple,5.3,0.63,0.13,0.0,0.15,0.34,0.0,6.54,1.08,0,True,2025-05-04,Diagnostics,Low-delay / routine,6.55,-0.01,Diagnostics
E0280,P0280,84,80+,General Medicine,2025-06-18,2,Wed,False,2.2,3.4,4.2,Medium,None,Home with supports,Moderate,3.9,0.28,0.0,0.0,0.79,0.45,0.0,5.42,1.3,0,False,2025-06-24,Destination,Low-delay / routine,5.42,0.0,Destination
E0281,P0281,49,45-64,General Medicine,2025-03-23,6,Sun,True,2.8,4.7,2.6,Medium,Low,Home,Simple,5.45,0.93,0.37,0.19,0.16,0.19,0.74,8.03,1.75,0,False,2025-04-01,Diagnostics,Low-delay / routine,8.03,0.0,Diagnostics
E0282,P0282,66,65-79,General Medicine,2025-08-30,5,Sat,True,3.9,3.7,4.1,Low,Moderate,Home,Simple,4.21,0.24,0.64,0.47,0.23,0.19,0.76,6.74,1.68,0,False,2025-09-06,Unexplained,Low-delay / routine,6.74,0.0,Unexplained
E0283,P0283,47,45-64,Oncology,2025-01-30,3,Thu,False,1.8,3.2,4.5,Low,None,Home,Simple,3.67,0.0,0.0,0.09,0.12,0.35,0.0,4.23,0.39,1,False,2025-02-04,DischargePlanning,Low-delay / routine,4.23,0.0,Discharge Planning
E0284,P0284,49,45-64,General Medicine,2025-02-27,3,Thu,False,2.0,0.9,4.6,Low,Low,Home,Simple,6.73,0.22,0.0,0.13,0.04,0.48,0.56,8.16,0.63,2,False,2025-03-08,Unexplained,Low-delay / routine,8.16,0.0,Unexplained
E0285,P0285,81,80+,General Medicine,2025-03-26,2,Wed,False,3.7,4.0,4.7,Medium,Low,Home with supports,Moderate,4.33,0.51,0.0,0.38,0.94,0.73,0.69,7.58,2.2,1,True,2025-04-03,Destination,Low-delay / routine,7.58,0.0,Destination
E0286,P0286,95,80+,Neurology,2025-01-26,6,Sun,True,5.4,0.0,6.5,High,None,Aged care,Complex,5.79,1.47,0.45,0.0,0.94,0.31,0.21,9.17,3.01,1,False,2025-02-05,Diagnostics,Diagnostics-driven,9.17,0.0,Diagnostics
E0287,P0287,28,18-44,Surgery,2025-10-06,0,Mon,False,2.0,1.5,4.7,Medium,None,Home,Simple,5.2,1.02,0.0,0.07,0.2,0.12,0.0,6.61,1.35,2,False,2025-10-13,Diagnostics,Low-delay / routine,6.61,0.0,Diagnostics
E0288,P0288,72,65-79,Oncology,2025-03-30,6,Sun,True,0.0,1.6,8.7,Medium,Low,Home,Simple,7.15,0.64,0.21,0.53,0.0,0.51,0.48,9.51,1.63,0,False,2025-04-09,Diagnostics,Low-delay / routine,9.52,-0.01,Diagnostics
E0289,P0289,75,65-79,General Medicine,2025-05-01,3,Thu,False,0.4,4.9,5.7,Medium,Moderate,Aged care,Complex,3.75,0.38,0.0,1.06,3.13,0.33,0.0,8.66,4.74,0,False,2025-05-10,Destination,Destination-blocked,8.65,0.01,Destination
E0290,P0290,27,18-44,General Medicine,2025-07-11,4,Fri,False,0.3,3.9,4.2,High,Moderate,Home with supports,Moderate,6.05,2.13,0.0,0.81,0.76,0.27,0.06,10.07,3.83,0,False,2025-07-22,Diagnostics,Diagnostics-driven,10.08,-0.01,Diagnostics
E0291,P0291,47,45-64,Neurology,2025-03-17,0,Mon,False,1.8,1.0,6.4,Medium,High,Home,Simple,3.36,1.13,0.0,1.56,0.09,0.31,1.38,7.83,2.94,0,False,2025-03-25,Allied,Allied-health constrained,7.83,0.0,Allied Health
E0292,P0292,22,18-44,General Medicine,2025-01-21,1,Tue,False,2.3,1.8,5.0,High,Moderate,Home,Simple,5.48,0.92,0.0,0.97,0.25,0.11,0.65,8.37,2.19,0,False,2025-01-30,Allied,Low-delay / routine,8.38,-0.01,Allied Health
E0293,P0293,78,65-79,General Medicine,2025-09-18,3,Thu,False,2.9,0.4,5.5,Low,None,Rehab,Moderate,5.88,0.03,0.0,0.0,1.36,0.75,0.44,8.47,1.77,0,True,2025-09-27,Destination,Low-delay / routine,8.46,0.01,Destination
E0294,P0294,95,80+,General Medicine,2025-09-11,3,Thu,False,4.8,3.8,5.2,Low,Moderate,Home,Simple,4.88,0.07,0.0,0.99,0.0,0.67,0.49,7.09,1.39,0,False,2025-09-19,Allied,Low-delay / routine,7.1,-0.01,Allied Health
E0295,P0295,33,18-44,Respiratory,2025-08-15,4,Fri,False,2.3,2.9,4.2,Medium,None,Home,Simple,6.21,0.71,0.0,0.05,0.05,0.0,0.0,7.02,0.81,1,False,2025-08-23,Diagnostics,Low-delay / routine,7.02,0.0,Diagnostics
E0296,P0296,65,65-79,Surgery,2025-07-08,1,Tue,False,3.3,3.6,4.9,Medium,Moderate,Transfer,Moderate,4.69,0.79,0.0,0.58,0.7,0.19,0.48,7.42,2.16,2,True,2025-07-16,Diagnostics,Low-delay / routine,7.43,-0.01,Diagnostics
E0297,P0297,62,45-64,General Medicine,2025-08-16,5,Sat,True,0.4,0.5,3.7,Medium,None,Home with supports,Moderate,4.83,0.47,0.38,0.0,1.3,0.01,0.0,6.99,2.15,2,False,2025-08-23,Destination,Low-delay / routine,6.99,0.0,Destination
E0298,P0298,94,80+,General Medicine,2025-11-11,1,Tue,False,7.3,4.4,2.6,Low,Low,Transfer,Moderate,6.67,0.16,0.0,0.0,0.97,0.75,0.7,9.25,1.5,2,True,2025-11-21,Destination,Low-delay / routine,9.25,0.0,Destination
E0299,P0299,38,18-44,Neurology,2025-12-14,6,Sun,True,2.6,3.1,2.6,Low,None,Home,Simple,6.33,0.25,0.88,0.0,0.0,0.3,0.46,8.21,1.28,2,False,2025-12-23,Weekend,Weekend-affected,8.22,-0.01,Weekend
E0300,P0300,28,18-44,Cardiology,2025-08-17,6,Sun,True,1.3,2.4,4.5,High,None,Home,Simple,3.7,1.94,0.16,0.1,0.11,0.41,0.0,6.42,2.52,2,False,2025-08-24,Diagnostics,Diagnostics-driven,6.42,0.0,Diagnostics
